Workbook

Sheet events
A1: No. | B1: status_1 | C1: status1_change | D1: No. | E1: status_2 | F1: status2_change | G1: No | H1: 散歩目的地 | I1: イベント文（子犬期） | J1: イベント文（成犬期） | K1: イベント文（老犬期）
A2: 1 | B2: =VLOOKUP(A2,status!$A$2:$B$19,2,FALSE) -> 空腹 | C2: 20 | D2: 1 | E2: =VLOOKUP(D2,status!$A$2:$B$19,2,FALSE) -> 空腹 | F2: 0 | G2: 2 | H2: =VLOOKUP(G2,status!$G$2:$H$5,2,FALSE) -> 公園 | I2: 芝生でヨガをするグループを見つけると、●●は夢中で駆け寄った。お腹の音が鳴り、誰かが食べているお弁当の匂いを必死に嗅いでいる。足元に落ちている木の実を、食べ物だと思って口に入れようとした。周囲の空気までもが華やぐようだ。 | J2: 鳩の群れに対しても、●●は堂々と振る舞っている。足元に落ちている木の実を、食べ物だと思って口に入れようとした。足元に落ちている木の実を、食べ物だと思って口に入れようとした。周囲の空気までもが華やぐようだ。 | K2: 木の上から見下ろすカラスを優しく見守るように、●●は足を止めた。足元に落ちている木の実を、食べ物だと思って口に入れようとした。お腹の音が鳴り、誰かが食べているお弁当の匂いを必死に嗅いでいる。周囲の空気までもが華やぐようだ。
A3: 2 | B3: =VLOOKUP(A3,status!$A$2:$B$19,2,FALSE) -> 汚れ | C3: 20 | D3: 2 | E3: =VLOOKUP(D3,status!$A$2:$B$19,2,FALSE) -> 汚れ | F3: 0 | G3: 2 | H3: =VLOOKUP(G3,status!$G$2:$H$5,2,FALSE) -> 公園 | I3: 散歩仲間のゴールデンレトリバーを見つけると、●●は夢中で駆け寄った。水たまりにダイブして、お腹まで泥だらけになってしまった。工事現場の砂埃を浴びて、全身が白っぽくなってしまった。道行く人が思わず笑顔をこぼしている。 | J3: 散歩仲間のゴールデンレトリバーに対しても、●●は堂々と振る舞っている。水たまりにダイブして、お腹まで泥だらけになってしまった。工事現場の砂埃を浴びて、全身が白っぽくなってしまった。道行く人が思わず笑顔をこぼしている。 | K3: 鳩の群れを優しく見守るように、●●は足を止めた。水たまりにダイブして、お腹まで泥だらけになってしまった。工事現場の砂埃を浴びて、全身が白っぽくなってしまった。道行く人が思わず笑顔をこぼしている。
A4: 3 | B4: =VLOOKUP(A4,status!$A$2:$B$19,2,FALSE) -> 排泄 | C4: 20 | D4: 3 | E4: =VLOOKUP(D4,status!$A$2:$B$19,2,FALSE) -> 排泄 | F4: 0 | G4: 1 | H4: =VLOOKUP(G4,status!$G$2:$H$5,2,FALSE) -> 市街地 | I4: 宅配便のトラックを見つけると、●●は夢中で駆け寄った。電柱の匂いを熱心に嗅いで、そわそわと周囲を回り始めた。電柱の匂いを熱心に嗅いで、そわそわと周囲を回り始めた。あなたは誇らしい気持ちでリードを握った。 | J4: 登校中の小学生たちに対しても、●●は堂々と振る舞っている。茂みの奥深くに入り込み、じっと一点を見つめて動かなくなった。電柱の匂いを熱心に嗅いで、そわそわと周囲を回り始めた。あなたは誇らしい気持ちでリードを握った。 | K4: 店先の招き猫を優しく見守るように、●●は足を止めた。茂みの奥深くに入り込み、じっと一点を見つめて動かなくなった。電柱の匂いを熱心に嗅いで、そわそわと周囲を回り始めた。あなたは誇らしい気持ちでリードを握った。
A5: 4 | B5: =VLOOKUP(A5,status!$A$2:$B$19,2,FALSE) -> 興奮 | C5: 20 | D5: 4 | E5: =VLOOKUP(D5,status!$A$2:$B$19,2,FALSE) -> 興奮 | F5: 0 | G5: 4 | H5: =VLOOKUP(G5,status!$G$2:$H$5,2,FALSE) -> 山道 | I5: 茂みの中で動くトカゲを見つけると、●●は夢中で駆け寄った。大きな音に驚いて、鼻を鳴らしながらあなたの周りを飛び跳ねた。動くものすべてに反応して、尻尾をちぎれんばかりに振っている。これからのコンテストに向けた自信に繋がる。 | J5: 木陰から顔を出すリスに対しても、●●は堂々と振る舞っている。動くものすべてに反応して、尻尾をちぎれんばかりに振っている。動くものすべてに反応して、尻尾をちぎれんばかりに振っている。これからのコンテストに向けた自信に繋がる。 | K5: 道端の野イチゴを優しく見守るように、●●は足を止めた。大きな音に驚いて、鼻を鳴らしながらあなたの周りを飛び跳ねた。大きな音に驚いて、鼻を鳴らしながらあなたの周りを飛び跳ねた。これからのコンテストに向けた自信に繋がる。
A6: 5 | B6: =VLOOKUP(A6,status!$A$2:$B$19,2,FALSE) -> 幸福感 | C6: 20 | D6: 5 | E6: =VLOOKUP(D6,status!$A$2:$B$19,2,FALSE) -> 幸福感 | F6: 0 | G6: 4 | H6: =VLOOKUP(G6,status!$G$2:$H$5,2,FALSE) -> 山道 | I6: 道端の野イチゴを見つけると、●●は夢中で駆け寄った。あなたの顔を何度も見上げ、足取り軽く並んで歩いている。あなたの顔を何度も見上げ、足取り軽く並んで歩いている。静かな時間が、二人の間に流れていく。 | J6: 木陰から顔を出すリスに対しても、●●は堂々と振る舞っている。撫でられて満足そうに目を細め、幸せそうな吐息をついた。あなたの顔を何度も見上げ、足取り軽く並んで歩いている。静かな時間が、二人の間に流れていく。 | K6: 休憩中の登山グループを優しく見守るように、●●は足を止めた。あなたの顔を何度も見上げ、足取り軽く並んで歩いている。撫でられて満足そうに目を細め、幸せそうな吐息をついた。静かな時間が、二人の間に流れていく。
A7: 6 | B7: =VLOOKUP(A7,status!$A$2:$B$19,2,FALSE) -> 眠気 | C7: 20 | D7: 6 | E7: =VLOOKUP(D7,status!$A$2:$B$19,2,FALSE) -> 眠気 | F7: 0 | G7: 1 | H7: =VLOOKUP(G7,status!$G$2:$H$5,2,FALSE) -> 市街地 | I7: お洒落なカフェの店員さんを見つけると、●●は夢中で駆け寄った。歩きながら大きなあくびをして、今にもその場で寝落ちしそうだ。ベンチの横で座り込み、まどろみながらあなたの指示を待っている。賑やかな話し声が、遠くで聞こえている。 | J7: 店先の招き猫に対しても、●●は堂々と振る舞っている。歩きながら大きなあくびをして、今にもその場で寝落ちしそうだ。ベンチの横で座り込み、まどろみながらあなたの指示を待っている。賑やかな話し声が、遠くで聞こえている。 | K7: 宅配便のトラックを優しく見守るように、●●は足を止めた。ベンチの横で座り込み、まどろみながらあなたの指示を待っている。歩きながら大きなあくびをして、今にもその場で寝落ちしそうだ。賑やかな話し声が、遠くで聞こえている。
A8: 7 | B8: =VLOOKUP(A8,status!$A$2:$B$19,2,FALSE) -> 疲労 | C8: 20 | D8: 7 | E8: =VLOOKUP(D8,status!$A$2:$B$19,2,FALSE) -> 疲労 | F8: 0 | G8: 1 | H8: =VLOOKUP(G8,status!$G$2:$H$5,2,FALSE) -> 市街地 | I8: 登校中の小学生たちを見つけると、●●は夢中で駆け寄った。舌を出し、いつもより歩調を落としてゆっくりと歩いている。段差の前で立ち止まり、少しだけ休憩したそうな目で見つめてきた。足元のアスファルトが、少しだけ温かい。 | J8: お洒落なカフェの店員さんに対しても、●●は堂々と振る舞っている。段差の前で立ち止まり、少しだけ休憩したそうな目で見つめてきた。段差の前で立ち止まり、少しだけ休憩したそうな目で見つめてきた。足元のアスファルトが、少しだけ温かい。 | K8: 登校中の小学生たちを優しく見守るように、●●は足を止めた。段差の前で立ち止まり、少しだけ休憩したそうな目で見つめてきた。舌を出し、いつもより歩調を落としてゆっくりと歩いている。足元のアスファルトが、少しだけ温かい。
A9: 8 | B9: =VLOOKUP(A9,status!$A$2:$B$19,2,FALSE) -> 活力 | C9: 20 | D9: 8 | E9: =VLOOKUP(D9,status!$A$2:$B$19,2,FALSE) -> 活力 | F9: 0 | G9: 2 | H9: =VLOOKUP(G9,status!$G$2:$H$5,2,FALSE) -> 公園 | I9: 木の上から見下ろすカラスを見つけると、●●は夢中で駆け寄った。道行く人を次々と誘うように、活発に動き回っている。道行く人を次々と誘うように、活発に動き回っている。風が心地よく、耳元を通り抜けていった。 | J9: 木の上から見下ろすカラスに対しても、●●は堂々と振る舞っている。全身からエネルギーが溢れ、どんな障害物も軽々と乗り越えていく。道行く人を次々と誘うように、活発に動き回っている。風が心地よく、耳元を通り抜けていった。 | K9: ベンチで新聞を読むおじいさんを優しく見守るように、●●は足を止めた。道行く人を次々と誘うように、活発に動き回っている。全身からエネルギーが溢れ、どんな障害物も軽々と乗り越えていく。風が心地よく、耳元を通り抜けていった。
A10: 9 | B10: =VLOOKUP(A10,status!$A$2:$B$19,2,FALSE) -> 規律 | C10: 5 | D10: 9 | E10: =VLOOKUP(D10,status!$A$2:$B$19,2,FALSE) -> 規律 | F10: 0 | G10: 3 | H10: =VLOOKUP(G10,status!$G$2:$H$5,2,FALSE) -> 海辺 | I10: 釣りをしているお兄さんを見つけると、●●は夢中で駆け寄った。横断歩道の前で、指示される前にぴたっとお座りをして待機した。横断歩道の前で、指示される前にぴたっとお座りをして待機した。周囲の空気までもが華やぐようだ。 | J10: 流木に対しても、●●は堂々と振る舞っている。横断歩道の前で、指示される前にぴたっとお座りをして待機した。誘惑の多い場所でも、あなたの歩幅に合わせて静かに歩き続けた。周囲の空気までもが華やぐようだ。 | K10: 釣りをしているお兄さんを優しく見守るように、●●は足を止めた。誘惑の多い場所でも、あなたの歩幅に合わせて静かに歩き続けた。横断歩道の前で、指示される前にぴたっとお座りをして待機した。周囲の空気までもが華やぐようだ。
A11: 10 | B11: =VLOOKUP(A11,status!$A$2:$B$19,2,FALSE) -> 速度 | C11: 5 | D11: 10 | E11: =VLOOKUP(D11,status!$A$2:$B$19,2,FALSE) -> 速度 | F11: 0 | G11: 4 | H11: =VLOOKUP(G11,status!$G$2:$H$5,2,FALSE) -> 山道 | I11: 道端の野イチゴを見つけると、●●は夢中で駆け寄った。一瞬の隙も見せず、素早い身のこなしで周囲を驚かせた。風を切るような足取りで、あっという間に目的の角まで辿り着いた。道行く人が思わず笑顔をこぼしている。 | J11: 道端の野イチゴに対しても、●●は堂々と振る舞っている。風を切るような足取りで、あっという間に目的の角まで辿り着いた。風を切るような足取りで、あっという間に目的の角まで辿り着いた。道行く人が思わず笑顔をこぼしている。 | K11: 木陰から顔を出すリスを優しく見守るように、●●は足を止めた。一瞬の隙も見せず、素早い身のこなしで周囲を驚かせた。風を切るような足取りで、あっという間に目的の角まで辿り着いた。道行く人が思わず笑顔をこぼしている。
A12: 11 | B12: =VLOOKUP(A12,status!$A$2:$B$19,2,FALSE) -> スタミナ | C12: 5 | D12: 11 | E12: =VLOOKUP(D12,status!$A$2:$B$19,2,FALSE) -> スタミナ | F12: 0 | G12: 3 | H12: =VLOOKUP(G12,status!$G$2:$H$5,2,FALSE) -> 海辺 | I12: 波打ち際を走るサーファーを見つけると、●●は夢中で駆け寄った。長い階段を上りきっても、呼吸を乱すことなく余裕の表情だ。何キロも歩いた後でも、力強い足取りであなたをリードしている。あなたは誇らしい気持ちでリードを握った。 | J12: 空を旋回するカモメに対しても、●●は堂々と振る舞っている。長い階段を上りきっても、呼吸を乱すことなく余裕の表情だ。長い階段を上りきっても、呼吸を乱すことなく余裕の表情だ。あなたは誇らしい気持ちでリードを握った。 | K12: 散歩中のチワワを優しく見守るように、●●は足を止めた。長い階段を上りきっても、呼吸を乱すことなく余裕の表情だ。長い階段を上りきっても、呼吸を乱すことなく余裕の表情だ。あなたは誇らしい気持ちでリードを握った。
A13: 12 | B13: =VLOOKUP(A13,status!$A$2:$B$19,2,FALSE) -> バネ | C13: 5 | D13: 12 | E13: =VLOOKUP(D13,status!$A$2:$B$19,2,FALSE) -> バネ | F13: 0 | G13: 4 | H13: =VLOOKUP(G13,status!$G$2:$H$5,2,FALSE) -> 山道 | I13: 木陰から顔を出すリスを見つけると、●●は夢中で駆け寄った。高い縁石にひらりと飛び乗り、抜群の身体能力を見せつけた。高い縁石にひらりと飛び乗り、抜群の身体能力を見せつけた。これからのコンテストに向けた自信に繋がる。 | J13: 茂みの中で動くトカゲに対しても、●●は堂々と振る舞っている。足元の溝を驚異的な跳躍で飛び越え、着地も見事に決めた。高い縁石にひらりと飛び乗り、抜群の身体能力を見せつけた。これからのコンテストに向けた自信に繋がる。 | K13: 鳴いているセミを優しく見守るように、●●は足を止めた。足元の溝を驚異的な跳躍で飛び越え、着地も見事に決めた。足元の溝を驚異的な跳躍で飛び越え、着地も見事に決めた。これからのコンテストに向けた自信に繋がる。
... A155: 17 | B155: =VLOOKUP(A155,status!$A$2:$B$19,2,FALSE) -> 知性 | C155: 1 | D155: 18 | E155: =VLOOKUP(D155,status!$A$2:$B$19,2,FALSE) -> 幸運 | F155: 1 | G155: 3 | H155: =VLOOKUP(G155,status!$G$2:$H$5,2,FALSE) -> 海辺 | I155: 釣りをしているお兄さんを見つけると、●●は夢中で駆け寄った。複雑な分かれ道でも、以前通ったルートを正確に思い出して進んだ。偶然出会ったプロのトレーナーに、特別なコツを教えてもらった。道行く人が思わず笑顔をこぼしている。 | J155: 釣りをしているお兄さんに対しても、●●は堂々と振る舞っている。複雑な分かれ道でも、以前通ったルートを正確に思い出して進んだ。茂みの奥から、誰かが落とした珍しいおもちゃを見つけ出した。道行く人が思わず笑顔をこぼしている。 | K155: 散歩中のチワワを優しく見守るように、●●は足を止めた。仕掛けのある看板の仕組みを理解したようで、賢い振る舞いを見せた。茂みの奥から、誰かが落とした珍しいおもちゃを見つけ出した。道行く人が思わず笑顔をこぼしている。

Sheet status
A1: No. | B1: ステータス名 | C1: 最大値 | D1: 説明 | G1: 散歩目的地
A2: 1 | B2: 空腹 | C2: 100 | D2: お腹の減り具合。100に近づくとストレスが増加します。老犬期には「腹八分目」の管理が寿命を左右します。 | G2: 1 | H2: 市街地
A3: 2 | B3: 汚れ | C3: 100 | D3: 体の清潔さ。散歩や遊びで汚れが100まで近づき、放置するとストレスや愛着への悪影響を及ぼします。 | G3: 2 | H3: 公園
A4: 3 | B4: 排泄 | C4: 100 | D4: トイレの欲求。最大値での失敗は、ストレス上昇、衛生状態の悪化やしつけの低下、子犬期の社会化経験値（SE）の大幅な減少を招きます。 | G4: 3 | H4: 海辺
A5: 4 | B5: 興奮 | C5: 100 | D5: 感情の高ぶり。適度な興奮は活力を生みますが、過剰になると規律が低下し指示を無視しやすくなります。 | G5: 4 | H5: 山道
A6: 5 | B6: 幸福感 | C6: 100 | D6: 飼い主との絆や満足度。高い状態を保つとトレーニング効率が向上し、コンテストでの粘り強さや愛着に影響します。
A7: 6 | B7: 眠気 | C7: 100 | D7: 睡眠の必要性。最大になるとその場で寝てしまい、パフォーマンスが低下するため、適切な休息が必要です。
A8: 7 | B8: 疲労 | C8: 100 | D8: 肉体的な疲れの蓄積。スタミナとは別に、蓄積されると怪我や病気の原因となる長期的なリスク指標です。
A9: 8 | B9: 活力 | C9: 100 | D9: その日のやる気。高いと全ステータスに微増のバフがかかり、散歩でのポジティブなイベント遭遇率が上がります。低いと問題行動が発生
A10: 9 | B10: 規律 | C10: 1000 | D10: しつけの定着度。高いほど、コンテストでの複雑な指示に対して正確かつ迅速に反応できるようになります。
A11: 10 | B11: 速度 | C11: 1000 | D11: 移動スピード。レース形式の競技や時間制限のある課題における最重要能力です。
A12: 11 | B12: スタミナ | C12: 1000 | D12: 持久力。日々の活動で必要であるほか、競技中のパフォーマンスを維持できる時間に直結し、長丁場のコンテストで真価を発揮します。
A13: 12 | B13: バネ | C13: 1000 | D13: 跳躍力と瞬発力。アジリティ競技やフリスビーなど、高さや速さを要する動きに影響します。
A14: 13 | B14: 集中力 | C14: 1000 | D14: 精神的な安定性。会場の騒音に惑わされず、持てる実力を100%発揮するための能力です。
A15: 14 | B15: 毛並み | C15: 100 | D15: 被毛の美しさ。ブラッシングや栄養状態で変動し、審査員からの見た目の評価に直結します。
A16: 15 | B16: 愛嬌 | C16: 100 | D16: 親しみやすさ。審査員へのアピール力に関わり、実力が拮抗した際の加点要素（魅力）として機能します。
A17: 16 | B17: スタイル | C17: 100 | D17: 体格の良さ。運動と食事のバランスを示し、理想的な体型に近いほど高く評価されます。
... A19: 18 | B19: 幸運 | C19: 100 | D19: 宝探しの判定、コンテスト判定のランダム補正が向上
